<?xml version="1.0" encoding="UTF-8"?>
<project-private xmlns="http://www.netbeans.org/ns/project-private/1">
    <editor-bookmarks xmlns="http://www.netbeans.org/ns/editor-bookmarks/2" lastBookmarkId="0"/>
    <open-files xmlns="http://www.netbeans.org/ns/projectui-open-files/2">
        <group>
            <file>file:/home/jesus/NetBeansProjects/irrgarten/src/irrgarten/Dice.java</file>
            <file>file:/home/jesus/NetBeansProjects/irrgarten/src/irrgarten/Labyrinth.java</file>
            <file>file:/home/jesus/NetBeansProjects/irrgarten/src/irrgarten/FuzzyPlayer.java</file>
            <file>file:/home/jesus/NetBeansProjects/irrgarten/src/irrgarten/CardDeck.java</file>
            <file>file:/home/jesus/NetBeansProjects/irrgarten/src/irrgarten/Player.java</file>
            <file>file:/home/jesus/NetBeansProjects/irrgarten/src/irrgarten/WeaponCardDeck.java</file>
            <file>file:/home/jesus/NetBeansProjects/irrgarten/src/irrgarten/Game.java</file>
            <file>file:/home/jesus/NetBeansProjects/irrgarten/src/irrgarten/LabyrinthCharacter.java</file>
            <file>file:/home/jesus/NetBeansProjects/irrgarten/src/main/Main.java</file>
            <file>file:/home/jesus/NetBeansProjects/irrgarten/src/irrgarten/ShieldCardDeck.java</file>
        </group>
    </open-files>
</project-private>
